Ano;Mês;Região;Meta_Receita;Meta_Lucro;Meta_Pedidos
2022;1;Sul;216404.77;54101.19;67
2022;1;Sudeste;161079.7;40269.93;73
2022;1;Norte;155020.34;38755.08;98
2022;1;Nordeste;153153.14;38288.29;114
2022;1;Centro-Oeste;100829.36;25207.34;134
2022;2;Sul;229827.93;57456.98;94
2022;2;Sudeste;93780.84;23445.21;62
2022;2;Norte;99684.7;24921.18;83
2022;2;Nordeste;87527.55;21881.89;136
2022;2;Centro-Oeste;120415.76;30103.94;113
2022;3;Sul;218745.14;54686.29;91
2022;3;Sudeste;198787.93;49696.98;84
2022;3;Norte;173712.35;43428.09;92
2022;3;Nordeste;200727.31;50181.83;131
2022;3;Centro-Oeste;237453.01;59363.25;48
2022;4;Sul;188540.52;47135.13;121
2022;4;Sudeste;87550.46;21887.61;140
2022;4;Norte;220853.12;55213.28;55
2022;4;Nordeste;133355.52;33338.88;117
2022;4;Centro-Oeste;117673.85;29418.46;67
2022;5;Sul;143377.17;35844.29;148
2022;5;Sudeste;172447.37;43111.84;131
2022;5;Norte;201570.86;50392.71;91
2022;5;Nordeste;80215.81;20053.95;144
2022;5;Centro-Oeste;117982.17;29495.54;80
2022;6;Sul;133661.08;33415.27;40
2022;6;Sudeste;210291.42;52572.85;43
2022;6;Norte;108449.55;27112.39;83
2022;6;Nordeste;213518.74;53379.69;101
2022;6;Centro-Oeste;112813.89;28203.47;106
2022;7;Sul;81965.49;20491.37;43
2022;7;Sudeste;91658.59;22914.65;149
2022;7;Norte;130031.57;32507.89;85
2022;7;Nordeste;225545.61;56386.4;52
2022;7;Centro-Oeste;243728.44;60932.11;51
2022;8;Sul;234907.51;58726.88;111
2022;8;Sudeste;89315.83;22328.96;135
2022;8;Norte;235436.26;58859.07;143
2022;8;Nordeste;95404.79;23851.2;77
2022;8;Centro-Oeste;183289.53;45822.38;138
2022;9;Sul;178327.73;44581.93;64
2022;9;Sudeste;235269.04;58817.26;120
2022;9;Norte;213349.75;53337.44;87
2022;9;Nordeste;86150.95;21537.74;85
2022;9;Centro-Oeste;137127.3;34281.83;113
2022;10;Sul;96131.11;24032.78;144
2022;10;Sudeste;205748.15;51437.04;115
2022;10;Norte;117843.91;29460.98;113
2022;10;Nordeste;150003.32;37500.83;96
2022;10;Centro-Oeste;93852.27;23463.07;95
2022;11;Sul;215142.07;53785.52;103
2022;11;Sudeste;93056.5;23264.12;40
2022;11;Norte;171165.55;42791.39;122
2022;11;Nordeste;132902.11;33225.53;58
2022;11;Centro-Oeste;181565.76;45391.44;66
2022;12;Sul;200213.0;50053.25;136
2022;12;Sudeste;222048.17;55512.04;148
2022;12;Norte;174944.94;43736.23;131
2022;12;Nordeste;242217.63;60554.41;148
2022;12;Centro-Oeste;239079.62;59769.9;86
2023;1;Sul;82936.34;20734.08;129
2023;1;Sudeste;97240.24;24310.06;94
2023;1;Norte;94233.99;23558.5;115
2023;1;Nordeste;117400.55;29350.14;144
2023;1;Centro-Oeste;103884.52;25971.13;137
2023;2;Sul;113101.26;28275.31;113
2023;2;Sudeste;140012.44;35003.11;57
2023;2;Norte;87155.51;21788.88;150
2023;2;Nordeste;211183.73;52795.93;73
2023;2;Centro-Oeste;87029.26;21757.31;46
2023;3;Sul;240423.78;60105.94;145
2023;3;Sudeste;116243.56;29060.89;126
2023;3;Norte;92417.1;23104.28;100
2023;3;Nordeste;164324.54;41081.13;106
2023;3;Centro-Oeste;174464.12;43616.03;89
2023;4;Sul;106264.92;26566.23;97
2023;4;Sudeste;123330.72;30832.68;40
2023;4;Norte;146072.17;36518.04;53
2023;4;Nordeste;91609.86;22902.46;63
2023;4;Centro-Oeste;233869.62;58467.41;140
2023;5;Sul;245977.43;61494.36;56
2023;5;Sudeste;202538.52;50634.63;123
2023;5;Norte;119023.95;29755.99;47
2023;5;Nordeste;249095.15;62273.79;115
2023;5;Centro-Oeste;249428.96;62357.24;87
2023;6;Sul;240342.73;60085.68;94
2023;6;Sudeste;134060.15;33515.04;126
2023;6;Norte;95861.41;23965.35;54
2023;6;Nordeste;100039.54;25009.89;95
2023;6;Centro-Oeste;88171.27;22042.82;122
2023;7;Sul;90790.31;22697.58;50
2023;7;Sudeste;232866.96;58216.74;125
2023;7;Norte;204077.02;51019.25;150
2023;7;Nordeste;193589.69;48397.42;122
2023;7;Centro-Oeste;212585.3;53146.33;126
2023;8;Sul;184478.8;46119.7;117
2023;8;Sudeste;237448.08;59362.02;65
2023;8;Norte;90078.84;22519.71;81
2023;8;Nordeste;140720.13;35180.03;135
2023;8;Centro-Oeste;166354.64;41588.66;103
2023;9;Sul;178737.56;44684.39;57
2023;9;Sudeste;90126.5;22531.62;140
2023;9;Norte;105609.38;26402.35;54
2023;9;Nordeste;214421.18;53605.3;144
2023;9;Centro-Oeste;192667.49;48166.87;116
2023;10;Sul;153180.72;38295.18;124
2023;10;Sudeste;196879.08;49219.77;129
2023;10;Norte;182901.18;45725.3;148
2023;10;Nordeste;218627.93;54656.98;148
2023;10;Centro-Oeste;83427.86;20856.96;114
2023;11;Sul;199661.76;49915.44;121
2023;11;Sudeste;98315.36;24578.84;137
2023;11;Norte;148775.43;37193.86;110
2023;11;Nordeste;88228.39;22057.1;76
2023;11;Centro-Oeste;141082.73;35270.68;84
2023;12;Sul;107757.14;26939.29;48
2023;12;Sudeste;103966.9;25991.72;46
2023;12;Norte;223233.23;55808.31;141
2023;12;Nordeste;151772.73;37943.18;106
2023;12;Centro-Oeste;100816.36;25204.09;140
2024;1;Sul;126594.48;31648.62;53
2024;1;Sudeste;240042.21;60010.55;111
2024;1;Norte;210675.49;52668.87;72
2024;1;Nordeste;123368.49;30842.12;141
2024;1;Centro-Oeste;217236.41;54309.1;147
2024;2;Sul;87225.19;21806.3;109
2024;2;Sudeste;199249.77;49812.44;128
2024;2;Norte;183901.42;45975.35;53
2024;2;Nordeste;123631.24;30907.81;142
2024;2;Centro-Oeste;211651.48;52912.87;147
2024;3;Sul;120134.58;30033.65;94
2024;3;Sudeste;175866.91;43966.73;73
2024;3;Norte;127683.21;31920.8;85
2024;3;Nordeste;85072.31;21268.08;91
2024;3;Centro-Oeste;81964.33;20491.08;127
2024;4;Sul;217964.36;54491.09;134
2024;4;Sudeste;136510.93;34127.73;104
2024;4;Norte;85904.36;21476.09;145
2024;4;Nordeste;102389.5;25597.37;98
2024;4;Centro-Oeste;124586.87;31146.72;90
2024;5;Sul;153473.73;38368.43;111
2024;5;Sudeste;117474.56;29368.64;119
2024;5;Norte;188405.28;47101.32;146
2024;5;Nordeste;139225.83;34806.46;123
2024;5;Centro-Oeste;86905.67;21726.42;73
2024;6;Sul;104082.13;26020.53;75
2024;6;Sudeste;93289.59;23322.4;58
2024;6;Norte;193076.45;48269.11;124
2024;6;Nordeste;82732.95;20683.24;119
2024;6;Centro-Oeste;141044.74;35261.19;150
2024;7;Sul;249458.19;62364.55;96
2024;7;Sudeste;234309.18;58577.29;62
2024;7;Norte;133753.33;33438.33;64
2024;7;Nordeste;194662.1;48665.52;120
2024;7;Centro-Oeste;170721.18;42680.3;98
2024;8;Sul;149060.19;37265.05;89
2024;8;Sudeste;182819.35;45704.84;116
2024;8;Norte;217091.76;54272.94;64
2024;8;Nordeste;87632.36;21908.09;90
2024;8;Centro-Oeste;239486.33;59871.58;76
2024;9;Sul;164212.74;41053.19;107
2024;9;Sudeste;246669.7;61667.43;91
2024;9;Norte;100988.67;25247.17;77
2024;9;Nordeste;194290.33;48572.58;88
2024;9;Centro-Oeste;231323.29;57830.82;80
2024;10;Sul;179016.55;44754.14;41
2024;10;Sudeste;102907.62;25726.9;140
2024;10;Norte;243528.1;60882.03;89
2024;10;Nordeste;102011.13;25502.78;143
2024;10;Centro-Oeste;155818.37;38954.59;89
2024;11;Sul;94416.4;23604.1;137
2024;11;Sudeste;146339.05;36584.76;57
2024;11;Norte;210683.77;52670.94;109
2024;11;Nordeste;147832.97;36958.24;41
2024;11;Centro-Oeste;210558.92;52639.73;79
2024;12;Sul;181449.9;45362.47;56
2024;12;Sudeste;125911.61;31477.9;91
2024;12;Norte;228941.97;57235.49;116
2024;12;Nordeste;235973.22;58993.3;140
2024;12;Centro-Oeste;194770.86;48692.71;101
